url,time_control,end_time,rated,tcn,uuid,initial_setup,fen,time_class,rules,white,black,player_color,opp_color,player_rating,opp_rating,winner
https://www.chess.com/game/live/32163017531,300+5,1638424908,True,mC0Kgv5QfA!Tbs9Ieg8!ltQzcM3VMV2VvKZJAJzJCJTJsJ7JKEXPEV!2VE6Xdv1LvJXJEK48KZ91ZIPIkAJQnvLDiyWGae2Ve8Q8fe8QeK1ZKSVMSQZtQIMFIGtlGHlByGBAGOAyHIyOIYFMYXOijziagnaineiaemaimtiqtCquCBumX2MLzHmj21LM1XjoHPolBKlpX2MFPXpjKDjzDKzHKRHPRYPXYXFNvDNV2gVNDLNVLTV3T13?1~?3g23V9?,9143f52d-5333-11ec-9719-09ff3c010001,rnbqkbnr/pppppppp/8/8/8/8/PPPPPPPP/RNBQKBNR w KQkq - 0 1,7Q/1K4R1/7k/8/8/8/8/8 b - -,blitz,chess,"{'rating': 748, 'result': 'win', '@id': 'https://api.chess.com/pub/player/colonelteknik', 'username': 'colonelteknik', 'uuid': 'd20c08ee-ff1c-11e9-96e1-5f16b5b65630'}","{'rating': 770, 'result': 'checkmated', '@id': 'https://api.chess.com/pub/player/tranfi20', 'username': 'tranfi20', 'uuid': 'b470a9e8-ee8c-11e9-99b0-d51333d5ffb4'}",black,white,770,748,white
https://www.chess.com/game/live/32251753829,600,1638513098,True,mCZJgvJCvM1Lbs3VdN8ZM178NL0SLHYQ1KZ7Hm!TsCTCmC9RKUXHU?8?CQ5QfHQzeg6Xkszkab?3jr3UcjUo,b0bed766-5401-11ec-8671-09ff3c010001,rnbqkbnr/pppppppp/8/8/8/8/PPPPPPPP/RNBQKBNR w KQkq - 0 1,r2k4/pb4p1/3bp2p/1B6/8/1PP5/PBnP1PqP/1R3RK1 w - -,rapid,chess,"{'rating': 1026, 'result': 'checkmated', '@id': 'https://api.chess.com/pub/player/tranfi20', 'username': 'tranfi20', 'uuid': 'b470a9e8-ee8c-11e9-99b0-d51333d5ffb4'}","{'rating': 1059, 'result': 'win', '@id': 'https://api.chess.com/pub/player/jro_ngayo', 'username': 'Jro_Ngayo', 'uuid': '14435a7c-c37b-11eb-af85-3f017c9a0c33'}",white,black,1026,1059,black
https://www.chess.com/game/live/32251812075,600,1638514306,True,mC0KfA!Tgv5Qlt9IcM8!egZRbs3VMF2MdlTEFwWOpxETvMVMlM!3wFXHAr9!MT7TFT6xgpxofgovr1!gag491U3VTFHzsJQBksBmgMzsJsmDMLDUL9U9sJYQJTIBpwvmT!V3!T3UT8mt8RBjwvjqRLtALuAiF7QIvmIAmlqj7G9SlkjBuJBnkjirGsnBsBKBJDSDCKBtKStl,ade1d900-5402-11ec-8671-09ff3c010001,rnbqkbnr/pppppppp/8/8/8/8/PPPPPPPP/RNBQKBNR w KQkq - 0 1,8/8/p3P1k1/8/2p2n2/1b6/1K1p4/8 w - -,rapid,chess,"{'rating': 1015, 'result': 'timeout', '@id': 'https://api.chess.com/pub/player/lendemain', 'username': 'Lendemain', 'uuid': '819fe8c6-2eaf-11eb-a6c1-01c5db1e278c'}","{'rating': 1034, 'result': 'win', '@id': 'https://api.chess.com/pub/player/tranfi20', 'username': 'tranfi20', 'uuid': 'b470a9e8-ee8c-11e9-99b0-d51333d5ffb4'}",black,white,1034,1015,black
https://www.chess.com/game/live/32300975343,600,1638562122,True,mC0Kgv5QfH!THQZQvK7BKvBCef6EltEvovCFde90bs8!e0480YFxfg8e,595ab8b0-5474-11ec-8671-09ff3c010001,rnbqkbnr/pppppppp/8/8/8/8/PPPPPPPP/RNBQKBNR w KQkq - 0 1,5rk1/ppQ2ppp/2p2n2/8/8/2NP1P1q/PPP2P1P/R1B1r1KR w - -,rapid,chess,"{'rating': 981, 'result': 'checkmated', '@id': 'https://api.chess.com/pub/player/inder997', 'username': 'inder997', 'uuid': '65f6a3f6-4fe0-11eb-9299-eff1b53123c4'}","{'rating': 1041, 'result': 'win', '@id': 'https://api.chess.com/pub/player/tranfi20', 'username': 'tranfi20', 'uuid': 'b470a9e8-ee8c-11e9-99b0-d51333d5ffb4'}",black,white,1041,981,black
https://www.chess.com/game/live/32301043741,600,1638562992,True,mC0KlB5QBJQ0nDZRDKRKfH6ZHZ7Zgv0UdB1TbsKBvB!0cu86ecWOBS78jzZHsHOHuIUKI090S28!2LKUL0U0JR0QRYQziqzicj!od7?7Y}67jiokirkmhf70fDmprzpjzI0SIPSKDFTLCLKLFNLENH3NHjNFjpFxpxExPXxEqyELyGLSGOSROWRIW~IH4OHzXQzrQIrsOAsjIBjbBtbjAkjqkAqjAsjitlibskbakyaj,18ca2351-5475-11ec-8671-09ff3c010001,rnbqkbnr/pppppppp/8/8/8/8/PPPPPPPP/RNBQKBNR w KQkq - 0 1,8/8/8/8/Q7/8/1k1K4/8 w - -,rapid,chess,"{'rating': 1064, 'result': 'win', '@id': 'https://api.chess.com/pub/player/bumpedhead', 'username': 'BumpedHead', 'uuid': '7f89e7fe-3e49-11eb-9df8-5f2bdb880a8f'}","{'rating': 1033, 'result': 'resigned', '@id': 'https://api.chess.com/pub/player/tranfi20', 'username': 'tranfi20', 'uuid': 'b470a9e8-ee8c-11e9-99b0-d51333d5ffb4'}",black,white,1033,1064,white
https://www.chess.com/game/live/32335151321,600,1638596727,True,mC0Kgv5Qbs9IfA!TegTEltEnfnIngn3VpFZRsJ6Ecu8!nwEvdv2MFNQ0JT!?TJYQJz1LCL9LvERJArJBulWGrSLDlDKDwvGzjr4GowGKwDMDvDKmEm79DE92Ex,d834d6d9-54c3-11ec-8671-09ff3c010001,rnbqkbnr/pppppppp/8/8/8/8/PPPPPPPP/RNBQKBNR w KQkq - 0 1,7k/1p2n1q1/2p1B2p/7P/1p1p4/1P1P3K/P1P1Q3/R7 b - -,rapid,chess,"{'rating': 1040, 'result': 'win', '@id': 'https://api.chess.com/pub/player/tranfi20', 'username': 'tranfi20', 'uuid': 'b470a9e8-ee8c-11e9-99b0-d51333d5ffb4'}","{'rating': 1003, 'result': 'resigned', '@id': 'https://api.chess.com/pub/player/i_love_london_system', 'username': 'I_Love_London_System', 'uuid': 'd8fb2078-4dcf-11ec-a0ee-fb74d6664c8a'}",white,black,1040,1003,white
https://www.chess.com/game/live/32335761693,600,1638597186,True,mC0Kgv!Tlt5Qks9IowZJcMJCtC8!bl7Rfo3VMTRTegWOlAXHAKQKvKTKjzIPdr6XfeOGiqGyrj!3gh2UnDKSCKXoho1LKTSTjlYIlZ91ZHIzqzTsHPskoxkLwELDPQVNENUNQk32eg29kI98ae8ZedZ8ge10I0,6d2982c0-54c5-11ec-8671-09ff3c010001,rnbqkbnr/pppppppp/8/8/8/8/PPPPPPPP/RNBQKBNR w KQkq - 0 1,r3k3/4Q3/8/7p/pP3q2/7K/7P/3RR3 b - -,rapid,chess,"{'rating': 1076, 'result': 'win', '@id': 'https://api.chess.com/pub/player/busdriver112', 'username': 'busdriver112', 'uuid': '4f7eed5a-f4ef-11e5-8002-000000000000'}","{'rating': 1033, 'result': 'checkmated', '@id': 'https://api.chess.com/pub/player/tranfi20', 'username': 'tranfi20', 'uuid': 'b470a9e8-ee8c-11e9-99b0-d51333d5ffb4'}",black,white,1033,1076,white
https://www.chess.com/game/live/32342389279,600,1638604027,True,mC0Kgv5QlBKBvB!Tbs9IBL8!fAWOsJTCL0Q0eg0JAJCTJAZJArYQkAJBcM3VMT7TdN6SNIBtIuSL,3c20c32c-54d5-11ec-8671-09ff3c010001,rnbqkbnr/pppppppp/8/8/8/8/PPPPPPPP/RNBQKBNR w KQkq - 0 1,r4rk1/1p3pp1/p1p2q1p/5b2/2P5/1B1pQ3/PP3PPP/R4RK1 w - -,rapid,chess,"{'rating': 990, 'result': 'resigned', '@id': 'https://api.chess.com/pub/player/fdrisabich69', 'username': 'FDRisabich69', 'uuid': '11a3b090-9e74-11eb-b16b-2de65c0e9b14'}","{'rating': 1040, 'result': 'win', '@id': 'https://api.chess.com/pub/player/tranfi20', 'username': 'tranfi20', 'uuid': 'b470a9e8-ee8c-11e9-99b0-d51333d5ffb4'}",black,white,1040,990,black
https://www.chess.com/game/live/32342995325,600,1638605051,True,mCYIfHWOHA5Qgv0Sbs2Ueg92iq!TjzZJCJSJAJTJzI8!lBJsdtsJcj6LtrQGriLSkAGAiAJuAzufaf45fe98gfSEe878vM8mfg29pxELBJXPJRPIz5mdgpdR5R9Rpg!9M390oELC3MCXnDRDMvXvqy0SjqIAqzSJgnJCzIvdxFdyEMAsIqskqjk~jcDcnwCLwvydvwOGFNUNMULUwFGyFxyqxoqioni~nedyemcMmtaqtAqrAIM0IB1LBKUMKBLDBCDvCBvnBCn~CBrdBsdmsBfdBsmk,b5c0ab68-54d6-11ec-8671-09ff3c010001,rnbqkbnr/pppppppp/8/8/8/8/PPPPPPPP/RNBQKBNR w KQkq - 0 1,8/4b3/8/6kp/b7/2K5/2q5/3q4 w - -,rapid,chess,"{'rating': 1033, 'result': 'checkmated', '@id': 'https://api.chess.com/pub/player/tranfi20', 'username': 'tranfi20', 'uuid': 'b470a9e8-ee8c-11e9-99b0-d51333d5ffb4'}","{'rating': 1071, 'result': 'win', '@id': 'https://api.chess.com/pub/player/funplayer60', 'username': 'funplayer60', 'uuid': '400533b0-7f82-11e2-8026-000000000000'}",white,black,1033,1071,black
https://www.chess.com/game/live/32419177701,600,1638681241,True,mCZJCJ7JbsJKfm5QgvKTlB0ScMTLmtLGeg9Rfe3VMDRDowDRBJQ0JS6SvB!TBS1SeS8!sCGPtAPzCRYRS0zAdR47RSAS0STEaeWGSUETe0910KXPiy7dgodlK8!3863U6Q10QP0mwElkpFU3owkjPjmjEMTCwDjnDCniCLiyMU3?FNyzLSGyS1yq19qi91i~19z591aW1S5PSLWGLCPzCvGqvmzjmfqa,e0c84569-5587-11ec-8671-09ff3c010001,rnbqkbnr/pppppppp/8/8/8/8/PPPPPPPP/RNBQKBNR w KQkq - 0 1,7k/6p1/6Pp/7P/8/8/1r6/q4K2 w - -,rapid,chess,"{'rating': 1025, 'result': 'checkmated', '@id': 'https://api.chess.com/pub/player/tranfi20', 'username': 'tranfi20', 'uuid': 'b470a9e8-ee8c-11e9-99b0-d51333d5ffb4'}","{'rating': 1049, 'result': 'win', '@id': 'https://api.chess.com/pub/player/thop_007', 'username': 'Thop_007', 'uuid': '606114c0-38de-11ec-8f16-6d2d8837bd8a'}",white,black,1025,1049,black
https://www.chess.com/game/live/32438356663,600,1638699979,True,mC5Qgv0SfA!Tbs9IsmTEegEnfnIngn8!lBZJCK1TAtQzkAztdtJAtAYQiyWGjz7PzHQHyHTKcuP7BK7JAJSJms6SuI96IB6AsmSEHPAkpxEvnv49vukAaGAzBIzCut96msCAsJAIJ0!106IG6R1SRXGHX7SK7QKRQBHPBLRKL2PU2NUotuopND3NuvpiDNiqvEqyEMyaxFagMVghVMhFMF,1c343404-55b4-11ec-8671-09ff3c010001,rnbqkbnr/pppppppp/8/8/8/8/PPPPPPPP/RNBQKBNR w KQkq - 0 1,8/8/8/4k2N/7K/8/8/8 b - -,rapid,chess,"{'rating': 1026, 'result': 'insufficient', '@id': 'https://api.chess.com/pub/player/tranfi20', 'username': 'tranfi20', 'uuid': 'b470a9e8-ee8c-11e9-99b0-d51333d5ffb4'}","{'rating': 1056, 'result': 'insufficient', '@id': 'https://api.chess.com/pub/player/mohammedarifmohammed', 'username': 'mohammedarifmohammed', 'uuid': '9f59595e-a754-11de-8020-000000000000'}",white,black,1026,1056,none
https://www.chess.com/game/live/32438980439,600,1638700763,True,mC0Kgv5Qbs9Rsm!TlBKBmBQBdBRKvK8!fAZRKv98At70vM3VnvVMcM0KMT2TBKRKec6SiyWGks80pF0ZFN!3oE47ckYQjzGzszZBks76yGQIzHIAtm6IdBKBsBIHmASABAHGAzGihcincsnmzHmnHPnjPYXHYPHzsYjnY13V1TVMTLMVvDzrLTV2TU23DLrjLTj~PQbCQRnlRICJIzJBzrltrkBskbtlU23V2Xskbaki,d2842637-55b5-11ec-8671-09ff3c010001,rnbqkbnr/pppppppp/8/8/8/8/PPPPPPPP/RNBQKBNR w KQkq - 0 1,8/1R6/5P1k/7P/6P1/8/q2r4/K7 w - -,rapid,chess,"{'rating': 1019, 'result': 'checkmated', '@id': 'https://api.chess.com/pub/player/tranfi20', 'username': 'tranfi20', 'uuid': 'b470a9e8-ee8c-11e9-99b0-d51333d5ffb4'}","{'rating': 1059, 'result': 'win', '@id': 'https://api.chess.com/pub/player/deripa', 'username': 'Deripa', 'uuid': '68c2e5b8-63a9-11eb-a8cc-fd133fd39cc1'}",white,black,1019,1059,black
https://www.chess.com/game/live/32525401332,600,1638786522,False,mCYQgvZJCK6ElB0SbsQIfm5QBI9IegWOpxEvmv!0fe0UsyIWcuUKuWKvdv4WyI8!ad7RIyXHyPRYvuJButYPkASKiqWYjzHAtA!?dbPHAr1TqyH5zHOHyHQGrzGAec96ckAPkY5YzGPAHPAGPY6Yb5,6a9b8361-567d-11ec-a30d-7b5e3a01000f,rnbqkbnr/pppppppp/8/8/8/8/PPPPPPPP/RNBQKBNR w KQkq - 0 1,1R5k/2r3pp/5p2/n3p3/3p4/7P/5PP1/6K1 b - -,rapid,chess,"{'rating': 1019, 'result': 'win', '@id': 'https://api.chess.com/pub/player/tranfi20', 'username': 'tranfi20', 'uuid': 'b470a9e8-ee8c-11e9-99b0-d51333d5ffb4'}","{'rating': 1025, 'result': 'resigned', '@id': 'https://api.chess.com/pub/player/vilius_k', 'username': 'Vilius_K', 'uuid': '449642d6-89da-11e2-8058-000000000000'}",white,black,1019,1025,white
https://www.chess.com/game/live/32525946674,600,1638786808,False,mCYQgvZJCJQJlB5Qcu,c17f4015-567f-11ec-a30d-7b5e3a01000f,rnbqkbnr/pppppppp/8/8/8/8/PPPPPPPP/RNBQKBNR w KQkq - 0 1,r1bqkbnr/pp2pppp/2n5/3p4/3P4/4BN2/PPP2PPP/RN1QKB1R b KQkq -,rapid,chess,"{'rating': 1387, 'result': 'win', '@id': 'https://api.chess.com/pub/player/paulbismuthh', 'username': 'Paulbismuthh', 'uuid': 'db18b720-b4bf-11eb-af67-518328416a4a'}","{'rating': 1019, 'result': 'resigned', '@id': 'https://api.chess.com/pub/player/tranfi20', 'username': 'tranfi20', 'uuid': 'b470a9e8-ee8c-11e9-99b0-d51333d5ffb4'}",black,white,1019,1387,white
https://www.chess.com/game/live/32526019430,600,1638787215,False,mCYQlBZJnv!TCKTZvD0Sgv5OfOXObsQIcu7GegGzabIBuB90iqzHsHOHdt6Oqy45ba0IyHOHtuHfgfIBvB54uw8!BQZIaW4WQWICwF94WQ4afmaiQ0!?0JSJF7,bbc5a498-567f-11ec-8790-0e6a7201000f,rnbqkbnr/pppppppp/8/8/8/8/PPPPPPPP/RNBQKBNR w KQkq - 0 1,3Q3k/5ppp/8/3pP3/4nP2/8/rPP1K1PP/8 b - -,rapid,chess,"{'rating': 1088, 'result': 'win', '@id': 'https://api.chess.com/pub/player/xskinner', 'username': 'xSkinner', 'uuid': '687b63aa-b51c-11ea-ade9-a9e9b3daccab'}","{'rating': 1019, 'result': 'checkmated', '@id': 'https://api.chess.com/pub/player/tranfi20', 'username': 'tranfi20', 'uuid': 'b470a9e8-ee8c-11e9-99b0-d51333d5ffb4'}",black,white,1019,1088,white
https://www.chess.com/game/live/32526562486,600,1638787498,False,mC0Kgv!Tbs2UfA5Qlt92cM8!egXPiq6Xjz78zHQBsJ46vBYQHQXQBQ6QJT2TMTQTnvTDAH87qy7Fow,ecb4ff77-5680-11ec-8c84-15ea2301000f,rnbqkbnr/pppppppp/8/8/8/8/PPPPPPPP/RNBQKBNR w KQkq - 0 1,5rk1/p2p1p1p/1p4p1/1B2p3/P3Pr1q/3P1PP1/2P4P/R2Q1RK1 b - -,rapid,chess,"{'rating': 1019, 'result': 'win', '@id': 'https://api.chess.com/pub/player/tranfi20', 'username': 'tranfi20', 'uuid': 'b470a9e8-ee8c-11e9-99b0-d51333d5ffb4'}","{'rating': 783, 'result': 'resigned', '@id': 'https://api.chess.com/pub/player/fahon', 'username': 'FAHON', 'uuid': '16edd314-a93c-11eb-b1b6-df5777bdcc19'}",white,black,1019,783,white
https://www.chess.com/game/live/32593172743,600,1638855009,True,mC0Kgv!TvK5QKQZQdv3NfA7Reg6SAtTEowNFfeFxtARKAS1SvE9IEU8ZU1ZRlt491U9nblnTghTUlAR0AKUTcD?9efIBDMBKMTKTfDTjD909abjsbX90XY0RYW2MWqslwESKq4RS4?le?xSTxVT2VQ,dd4db204-571c-11ec-8671-09ff3c010001,rnbqkbnr/pppppppp/8/8/8/8/PPPPPPPP/RNBQKBNR w KQkq - 0 1,8/6k1/2R5/4p1p1/4P1P1/3P4/P1P4P/4b2K b - -,rapid,chess,"{'rating': 1015, 'result': 'win', '@id': 'https://api.chess.com/pub/player/ihsanalrozi', 'username': 'ihsanalrozi', 'uuid': 'fae0c866-150c-11eb-a7d8-2d33f38debb6'}","{'rating': 1011, 'result': 'resigned', '@id': 'https://api.chess.com/pub/player/tranfi20', 'username': 'tranfi20', 'uuid': 'b470a9e8-ee8c-11e9-99b0-d51333d5ffb4'}",black,white,1011,1015,white
https://www.chess.com/game/live/32596735793,600,1638858231,True,ow0Kfo5QpxZJlt!Tks6LjzWOiy9RcjKCtB8!mu2UwELSdm78bl87nvOGzHQWvDW6DLULELSLgvLUvMYQM3!3HQXQab6PhgPyoCJCgU3UmoU3oMyjbj9!ML3?enRwnmwRlCTCLC!omtojCQ46Qv1TvN?!NU!9UV91V31S3CS1BJ78C3193V90V3073WTLWGRYGq8HsAjrqrHrtBYPBKruKL6AJRADLMuwMNDF,a48d379d-5724-11ec-8671-09ff3c010001,rnbqkbnr/pppppppp/8/8/8/8/PPPPPPPP/RNBQKBNR w KQkq - 0 1,3k4/8/1b1P4/7K/7r/6qP/8/8 w - -,rapid,chess,"{'rating': 1004, 'result': 'checkmated', '@id': 'https://api.chess.com/pub/player/pintilieluciansorin', 'username': 'pintilieluciansorin', 'uuid': '0faa4eb2-8218-11ea-aaf7-4bc1b86ea9d9'}","{'rating': 1019, 'result': 'win', '@id': 'https://api.chess.com/pub/player/tranfi20', 'username': 'tranfi20', 'uuid': 'b470a9e8-ee8c-11e9-99b0-d51333d5ffb4'}",black,white,1019,1004,black
https://www.chess.com/game/live/32597349393,600,1638858793,True,mC0Kbs!TnD5QgvZJDKJCKTCvdvQBvC6Sft7TsJ86JT2Teg?!ks9IsB7BCBIBghSJtL67LxYIltXHcDIAtAJAfd!8dB70ae09DR92e8,426f7ffd-5726-11ec-8671-09ff3c010001,rnbqkbnr/pppppppp/8/8/8/8/PPPPPPPP/RNBQKBNR w KQkq - 0 1,4R3/p4pkp/3B1p2/1p6/2bR4/7B/PP4PP/7K b - -,rapid,chess,"{'rating': 1018, 'result': 'win', '@id': 'https://api.chess.com/pub/player/a1729a', 'username': 'A1729A', 'uuid': 'a7a6dc68-39b8-11ec-8fd7-f1f3f6bd9eb9'}","{'rating': 1011, 'result': 'resigned', '@id': 'https://api.chess.com/pub/player/tranfi20', 'username': 'tranfi20', 'uuid': 'b470a9e8-ee8c-11e9-99b0-d51333d5ffb4'}",black,white,1011,1018,white
https://www.chess.com/game/live/32627993893,600,1638889453,True,mC0Kgv5Qbs9IfA3Veg!0sJ0JCJQ0ksZRlBKBsBIPcu8!feYIBIRIiqPGemWOJR0LuIXHAJ45qyLRyHGPIR7RaO6OHO97mlPGlt5jJ1!1tR7RvK1SnDRd,d085bcea-576d-11ec-8671-09ff3c010001,rnbqkbnr/pppppppp/8/8/8/8/PPPPPPPP/RNBQKBNR w KQkq - 0 1,8/6p1/P3k2p/b3N3/5P2/8/1r4PP/3r2K1 w - -,rapid,chess,"{'rating': 1004, 'result': 'checkmated', '@id': 'https://api.chess.com/pub/player/tranfi20', 'username': 'tranfi20', 'uuid': 'b470a9e8-ee8c-11e9-99b0-d51333d5ffb4'}","{'rating': 1065, 'result': 'win', '@id': 'https://api.chess.com/pub/player/kuzia29', 'username': 'kuzia29', 'uuid': '966e14d2-5cc5-11eb-a784-b98bb3cd8254'}",white,black,1004,1065,black
https://www.chess.com/game/live/32628564715,600,1638890644,True,mC0KlB5QBJQ0gvZRfH6ZkA!TblZHAHWOdyYQHQXQeg7YJQ0QjzY6cqRJzHOHyH4qCJTJHJ90vKQKJK8!K0qtlC980F6Lnv3Vadtdfd2MFxLUxZUPgfPOfeOGefGOfgOPgh89px1LCR91ZSPYSU12UVMER8Y08202VFEvov2jdg!1F31SgeSJ30JAedji0YArdcijYXriXj,f2d07735-576e-11ec-8671-09ff3c010001,rnbqkbnr/pppppppp/8/8/8/8/PPPPPPPP/RNBQKBNR w KQkq - 0 1,8/8/8/5p2/8/5P1P/kQ6/2R4K b - -,rapid,chess,"{'rating': 978, 'result': 'win', '@id': 'https://api.chess.com/pub/player/fonce8', 'username': 'Fonce8', 'uuid': '7ac98b1e-b98a-11ea-ae23-c5e01215d8c4'}","{'rating': 995, 'result': 'timeout', '@id': 'https://api.chess.com/pub/player/tranfi20', 'username': 'tranfi20', 'uuid': 'b470a9e8-ee8c-11e9-99b0-d51333d5ffb4'}",black,white,995,978,white
https://www.chess.com/game/live/32701161383,600,1638962730,True,mC0Kgv5Qbs!TfA3Vlt9IegZRiq6EpxENjzIPcj8!feWGzHQBdl75vBKBsJ57JPYPjBRJCJTJeKJToE7BKNBagoTNENaqovq0vE0ZEvZxvm98mdxhle8edlhftBfnlseusj47BJnTksTsjisqibuxAfxwbk7JfAwokbJd,06551082-5818-11ec-8671-09ff3c010001,rnbqkbnr/pppppppp/8/8/8/8/PPPPPPPP/RNBQKBNR w KQkq - 0 1,6k1/1p3pp1/1p5p/pP5P/2B5/q7/6r1/1K1r4 w - -,rapid,chess,"{'rating': 988, 'result': 'checkmated', '@id': 'https://api.chess.com/pub/player/tranfi20', 'username': 'tranfi20', 'uuid': 'b470a9e8-ee8c-11e9-99b0-d51333d5ffb4'}","{'rating': 1049, 'result': 'win', '@id': 'https://api.chess.com/pub/player/sylvainbecile', 'username': 'SylvainBecile', 'uuid': 'd90d3ef2-2134-11eb-b546-3f2a5bbe1a7a'}",white,black,988,1049,black
https://www.chess.com/game/live/32852322381,600,1639114178,True,mC0Kgv5Qbs7TfAZReg6Ziy86jzQzsJzJAJ!0cj0JCJTUvFUMowZEnvExfn78dm1LlBKCvC8CnLMwFowomoxogoCmLnmnon90ae?9nw91wE6ZpF2UFNUNEN1LNV0MV3LTegT13U19gM9!UT!9TU9!UN!?NE?pM2Z6ELpkLSXP2!6XjqYISRIB!2XOqzkjzsBsRQsk2gjbgbk{JRbcQJcIJSI6S0OGRZ6Z0ZGyZQPHQIHzIAyqAtzrtsrjskqiksj~sAbeAIeKIzKBzGBIGOIP,d8dc01eb-5977-11ec-ae69-09ff3c010001,rnbqkbnr/pppppppp/8/8/8/8/PPPPPPPP/RNBQKBNR w KQkq - 0 1,8/p7/Kq6/8/8/8/k7/8 w - -,rapid,chess,"{'rating': 980, 'result': 'checkmated', '@id': 'https://api.chess.com/pub/player/tranfi20', 'username': 'tranfi20', 'uuid': 'b470a9e8-ee8c-11e9-99b0-d51333d5ffb4'}","{'rating': 1000, 'result': 'win', '@id': 'https://api.chess.com/pub/player/favaour', 'username': 'FAVAOUR', 'uuid': '56aebbac-4e1a-11ec-8f59-a13aa684bed8'}",white,black,980,1000,black
https://www.chess.com/game/live/32912449517,300+5,1639174220,True,mC0Kgv5Qbs9IfA!Teg8!iq3VjzIPcjZRsy6EksRJCJTJAJ7JlBKBsBQBjBPBdBEvBJvJysJQfeXHacQXsH47cYXogo7JHW97pF1Le0LD02!9Y1981089WQ76QGVNqy6AGA,c6320a9c-5a04-11ec-ae69-09ff3c010001,rnbqkbnr/pppppppp/8/8/8/8/PPPPPPPP/RNBQKBNR w KQkq - 0 1,5k2/4R1R1/8/3r3p/PPN2p1P/8/5PK1/8 b - -,blitz,chess,"{'rating': 776, 'result': 'win', '@id': 'https://api.chess.com/pub/player/tranfi20', 'username': 'tranfi20', 'uuid': 'b470a9e8-ee8c-11e9-99b0-d51333d5ffb4'}","{'rating': 667, 'result': 'resigned', '@id': 'https://api.chess.com/pub/player/fishinatorz', 'username': 'fishinatorz', 'uuid': '92bd219e-de54-11e3-8032-000000000000'}",white,black,776,667,white
https://www.chess.com/game/live/32913565771,300+5,1639174937,True,mC0Kgv!TfA9Ibs8!pxWGegZRfeTZlBKBvBIBdB5QBuZKuw7TsJTSJYSAY4AkcVKU4PkCeC,bb47532a-5a06-11ec-ae69-09ff3c010001,rnbqkbnr/pppppppp/8/8/8/8/PPPPPPPP/RNBQKBNR w KQkq - 0 1,2b2rk1/1p3ppp/1Nnp2nB/p7/4R3/6QP/PP3PP1/R5K1 b - -,blitz,chess,"{'rating': 785, 'result': 'win', '@id': 'https://api.chess.com/pub/player/chou31', 'username': 'Chou31', 'uuid': '3c54eaf8-11b2-11e9-8044-000000000000'}","{'rating': 768, 'result': 'resigned', '@id': 'https://api.chess.com/pub/player/tranfi20', 'username': 'tranfi20', 'uuid': 'b470a9e8-ee8c-11e9-99b0-d51333d5ffb4'}",black,white,768,785,white
https://www.chess.com/game/live/32965804977,60,1639227032,False,lBZJmC5QCK6Lgv0Scu!0bs2Uft92tLULeg8!vMWOfe3VuDVMDMQzdN,baeb4fc6-5a80-11ec-ae69-09ff3c010001,rnbqkbnr/pppppppp/8/8/8/8/PPPPPPPP/RNBQKBNR w KQkq - 0 1,r2q1rk1/1pp1npb1/p3p3/3pPpBQ/1n1P4/2N5/PPP2PPP/R3R1K1 b - -,bullet,chess,"{'rating': 471, 'result': 'win', '@id': 'https://api.chess.com/pub/player/ishaan10354', 'username': 'ishaan10354', 'uuid': 'f68b63f4-02b0-11e9-8010-000000000000'}","{'rating': 640, 'result': 'timeout', '@id': 'https://api.chess.com/pub/player/tranfi20', 'username': 'tranfi20', 'uuid': 'b470a9e8-ee8c-11e9-99b0-d51333d5ffb4'}",black,white,640,471,white
https://www.chess.com/game/live/32965833937,60,1639227213,False,mC0SgvZJkAYIbs5QCJSJAJIAfA6EpxEvdv7PJQXQv187syPY197Z91Z61Y6Yeg!TlBTCnvCwcDYXDw48fe2M,0e0c9861-5a81-11ec-ae69-09ff3c010001,rnbqkbnr/pppppppp/8/8/8/8/PPPPPPPP/RNBQKBNR w KQkq - 0 1,4r2r/pk5p/2p5/6p1/N1BP4/5PBP/PP4P1/R3R1K1 w - g6,bullet,chess,"{'rating': 640, 'result': 'timeout', '@id': 'https://api.chess.com/pub/player/tranfi20', 'username': 'tranfi20', 'uuid': 'b470a9e8-ee8c-11e9-99b0-d51333d5ffb4'}","{'rating': 471, 'result': 'win', '@id': 'https://api.chess.com/pub/player/ishaan10354', 'username': 'ishaan10354', 'uuid': 'f68b63f4-02b0-11e9-8010-000000000000'}",white,black,640,471,black
https://www.chess.com/game/live/32977183351,300+5,1639238670,True,mC0Kgv5Qbs!Tiy9IfA8!egZRlt6EpxENoENUcuIunu3NtBNExETEBJEudmufJQXQaf7TjzUNzHTUmoUogoQIsJ46fhNUJ0,e4d4afce-5a9a-11ec-ae69-09ff3c010001,rnbqkbnr/pppppppp/8/8/8/8/PPPPPPPP/RNBQKBNR w KQkq - 0 1,2r2rk1/p1p1Npp1/3p2b1/1Pp1p3/P1B1P3/5N2/2P3K1/7R b - -,blitz,chess,"{'rating': 777, 'result': 'win', '@id': 'https://api.chess.com/pub/player/tranfi20', 'username': 'tranfi20', 'uuid': 'b470a9e8-ee8c-11e9-99b0-d51333d5ffb4'}","{'rating': 807, 'result': 'checkmated', '@id': 'https://api.chess.com/pub/player/bricou26', 'username': 'bricou26', 'uuid': 'c75172aa-0f55-11eb-bd0e-5b96259aaba1'}",white,black,777,807,white
https://www.chess.com/game/live/32977766289,300+5,1639239077,True,gvZJvM!VlB5QMvVLvMLBM181muBHfH0KHQXQbs9IdN2UNK?8KD12eg89Dw7TnDJBsCTLCMBucuIuwuLku091012V13,256ad887-5a9c-11ec-ae69-09ff3c010001,rnbqkbnr/pppppppp/8/8/8/8/PPPPPPPP/RNBQKBNR w KQkq - 0 1,r1b5/p1p4Q/2p3pk/6N1/5P2/8/PPq3PP/R4RK1 b - -,blitz,chess,"{'rating': 871, 'result': 'win', '@id': 'https://api.chess.com/pub/player/gogolobogolo', 'username': 'GogoloBogolo', 'uuid': '55519078-553b-11e1-8057-000000000000'}","{'rating': 771, 'result': 'checkmated', '@id': 'https://api.chess.com/pub/player/tranfi20', 'username': 'tranfi20', 'uuid': 'b470a9e8-ee8c-11e9-99b0-d51333d5ffb4'}",black,white,771,871,white
https://www.chess.com/game/live/33150012921,600,1639411246,True,mCZJCJ7JbsJZfm!Tgv5QlB0KBKQKvKZSKv9IegXPmHTZfeSedeI0HZ6ZcM,746236a2-5c2d-11ec-ae69-09ff3c010001,rnbqkbnr/pppppppp/8/8/8/8/PPPPPPPP/RNBQKBNR w KQkq - 0 1,r3k2r/p1pbbppp/1p6/6B1/8/2N2N2/PPP2PPP/R3Q1K1 b kq -,rapid,chess,"{'rating': 1029, 'result': 'win', '@id': 'https://api.chess.com/pub/player/hheehheehhee', 'username': 'hheehheehhee', 'uuid': 'd69f3a30-42c6-11ec-b66b-4f45843cff5e'}","{'rating': 973, 'result': 'resigned', '@id': 'https://api.chess.com/pub/player/tranfi20', 'username': 'tranfi20', 'uuid': 'b470a9e8-ee8c-11e9-99b0-d51333d5ffb4'}",black,white,973,1029,white
https://www.chess.com/game/live/33150057313,600,1639411349,True,mC0KdN5QfA2UNv!TvrZJCJQGrHGQJQTCQXYQHQ,d6a2a5f5-5c2d-11ec-ae69-09ff3c010001,rnbqkbnr/pppppppp/8/8/8/8/PPPPPPPP/RNBQKBNR w KQkq - 0 1,r1bqkb1r/pP3p1p/2Q3p1/4p3/2B1n3/8/PPPP1PPP/RNB1K1NR b KQkq -,rapid,chess,"{'rating': 970, 'result': 'win', '@id': 'https://api.chess.com/pub/player/theghost008', 'username': 'TheGhost008', 'uuid': '3b52574c-ac9c-11e8-8052-000000000000'}","{'rating': 965, 'result': 'resigned', '@id': 'https://api.chess.com/pub/player/tranfi20', 'username': 'tranfi20', 'uuid': 'b470a9e8-ee8c-11e9-99b0-d51333d5ffb4'}",black,white,965,970,white
https://www.chess.com/game/live/33150523511,600,1639411746,True,mC0Kgv5QfA!Tbs9Ieg8!smZJCJTJlBKBmBIBvB7FAJQBowFTcuBLkAYQJC98CL6Ljr47uW7dadLxfe8ede2UedTvd7!2WB2VBuUM7RVNwExEAIEx,14903a05-5c2e-11ec-ae69-09ff3c010001,rnbqkbnr/pppppppp/8/8/8/8/PPPPPPPP/RNBQKBNR w KQkq - 0 1,8/1p3p1p/2pR4/2P3pk/8/1P2Bq1b/P4P1P/6K1 w - -,rapid,chess,"{'rating': 958, 'result': 'resigned', '@id': 'https://api.chess.com/pub/player/tranfi20', 'username': 'tranfi20', 'uuid': 'b470a9e8-ee8c-11e9-99b0-d51333d5ffb4'}","{'rating': 995, 'result': 'win', '@id': 'https://api.chess.com/pub/player/brianmccullough', 'username': 'brianmccullough', 'uuid': 'ce07c5be-4f96-11eb-ac15-190c77d800eb'}",white,black,958,995,black
https://www.chess.com/game/live/33150631717,600,1639412205,True,mC2Ugv92bs0SlBZRcuXPow6Xfo5ZsH!0dtWOHq8!kAPHAHOHqHYQHsRJCKXOtl0LiyLuluZPjr70sm0zuszsms46rzOAyG64vlPZlAJAeg96zH45HQZ9GO5rfc2VckUMOW64QYrX,007887df-5c2f-11ec-ae69-09ff3c010001,rnbqkbnr/pppppppp/8/8/8/8/PPPPPPPP/RNBQKBNR w KQkq - 0 1,r4nk1/PrP2p1p/4p2b/4P1p1/2pP4/2N3P1/2R2PBP/R5K1 w - -,rapid,chess,"{'rating': 967, 'result': 'win', '@id': 'https://api.chess.com/pub/player/tranfi20', 'username': 'tranfi20', 'uuid': 'b470a9e8-ee8c-11e9-99b0-d51333d5ffb4'}","{'rating': 982, 'result': 'resigned', '@id': 'https://api.chess.com/pub/player/drogon_niraj', 'username': 'Drogon_Niraj', 'uuid': '85597ad0-cce4-11eb-ad76-917d9119a442'}",white,black,967,982,white
https://www.chess.com/game/live/33155357391,600,1639416631,True,mCYIkAZRgv!TltWOow0Sfo90eg8!bs6Zcu5Qdr3VrXOGXrGysyQKvKZyrsRKsK7tuI0IKI46Iz6AzXTCjryQoCtCnvCugoQXrAXOac96AI6IcIuIfdIk,8644a685-5c39-11ec-ae69-09ff3c010001,rnbqkbnr/pppppppp/8/8/8/8/PPPPPPPP/RNBQKBNR w KQkq - 0 1,6k1/5pp1/b3p2p/8/8/5PP1/P1q3KP/3R4 w - -,rapid,chess,"{'rating': 959, 'result': 'resigned', '@id': 'https://api.chess.com/pub/player/tranfi20', 'username': 'tranfi20', 'uuid': 'b470a9e8-ee8c-11e9-99b0-d51333d5ffb4'}","{'rating': 980, 'result': 'win', '@id': 'https://api.chess.com/pub/player/pamelagon', 'username': 'pamelagon', 'uuid': 'ae36b66c-e511-11eb-b45a-41bb29d07731'}",white,black,959,980,black
https://www.chess.com/game/live/33236962891,600,1639498143,True,mC0Kgv5Qbs1TfAWOiyQGltGAtAZRjr6Ecj3NegNFpxEvdvXHyHOHa474sH4Qfa80aW07gf!VjsQA,947c6379-5cf7-11ec-ae69-09ff3c010001,rnbqkbnr/pppppppp/8/8/8/8/PPPPPPPP/RNBQKBNR w KQkq - 0 1,3k1b1r/R1p3p1/3p1p1n/1N2p3/2q1P2p/1PB2Q1P/2P2PP1/5K2 w - -,rapid,chess,"{'rating': 967, 'result': 'win', '@id': 'https://api.chess.com/pub/player/tranfi20', 'username': 'tranfi20', 'uuid': 'b470a9e8-ee8c-11e9-99b0-d51333d5ffb4'}","{'rating': 966, 'result': 'resigned', '@id': 'https://api.chess.com/pub/player/lolotim', 'username': 'Lolotim', 'uuid': 'e9981bea-560b-11ec-b107-5174266d3223'}",white,black,967,966,white
https://www.chess.com/game/live/33237033631,600,1639498827,True,mC0Kbs!Tgv5QlBZRfH6ZHQZQcM90MT0Teg8!fe98BKRKdmWOed70jr0zmu3VsmQCkACvuvKCvuTada47mBYIBkzlul7lkulmow2UuJ8SJDCuDmXHmDSKDJumaeOGJT!2TZK0ZIHArAGyIy1LgoUMov2Uem0mvmUNAINEIQExQYxpY~po6LMELEVNENogysgosCogmugfiyfeyGefGOfgOWgoW~of4!fonDogDLgfLTfgT1go!?ogwEgoEMogMUgoumogU2go2~,2d40347d-5cf8-11ec-ae69-09ff3c010001,rnbqkbnr/pppppppp/8/8/8/8/PPPPPPPP/RNBQKBNR w KQkq - 0 1,6QQ/5P2/8/7Q/4N3/8/4K1k1/8 b - -,rapid,chess,"{'rating': 1001, 'result': 'win', '@id': 'https://api.chess.com/pub/player/benji97200', 'username': 'benji97200', 'uuid': '0bbbc06a-9904-11e7-8040-000000000000'}","{'rating': 960, 'result': 'checkmated', '@id': 'https://api.chess.com/pub/player/tranfi20', 'username': 'tranfi20', 'uuid': 'b470a9e8-ee8c-11e9-99b0-d51333d5ffb4'}",black,white,960,1001,white
https://www.chess.com/game/live/33237670279,600,1639499836,True,mC0Kgv!TbsZJvKJBsbTCltCTcDYIks5Qfm6Lmv45vQXQKQ7PdmLSQ5Bsbs9RDuR5eg8!fdPRnDSEmeEdadTEsCRYuIYDI9DpgfphfmhoCn5w9IwnInEKesovmfvxfmxvmlvnlcnucbKZdeuns6Z9e8nfbkfnksnTskTnksnTskTn,dcd28948-5cf9-11ec-ae69-09ff3c010001,rnbqkbnr/pppppppp/8/8/8/8/PPPPPPPP/RNBQKBNR w KQkq - 0 1,2Q1Rnk1/p4ppp/8/8/8/3P4/PPK2q2/8 w - -,rapid,chess,"{'rating': 933, 'result': 'repetition', '@id': 'https://api.chess.com/pub/player/firebreathercat', 'username': 'FireBreatherCat', 'uuid': '78a47410-a432-11ea-aa21-a7131e9d1a89'}","{'rating': 959, 'result': 'repetition', '@id': 'https://api.chess.com/pub/player/tranfi20', 'username': 'tranfi20', 'uuid': 'b470a9e8-ee8c-11e9-99b0-d51333d5ffb4'}",black,white,959,933,none
https://www.chess.com/game/live/33284395517,600,1639546314,True,mC0Kgv5Qbs2UfA3VlBKBvB92BQZQeg7dfd!TcD8!DYXHAtHzsm98nvWGmwQItA6OAO4OjrOQYGIAGzArirQkwf85z05rd7!30T2T7ZTaZ13!1WrbCKaBghbf,da8f1493-5d66-11ec-ae69-09ff3c010001,rnbqkbnr/pppppppp/8/8/8/8/PPPPPPPP/RNBQKBNR w KQkq - 0 1,6k1/R7/6pp/4P3/3b4/5P2/2r3PP/5r1K w - -,rapid,chess,"{'rating': 952, 'result': 'checkmated', '@id': 'https://api.chess.com/pub/player/tranfi20', 'username': 'tranfi20', 'uuid': 'b470a9e8-ee8c-11e9-99b0-d51333d5ffb4'}","{'rating': 1004, 'result': 'win', '@id': 'https://api.chess.com/pub/player/ruslan-slv', 'username': 'ruslan-slv', 'uuid': 'e7deacf2-a092-11e7-8022-000000000000'}",white,black,952,1004,black
https://www.chess.com/game/live/33306167425,600,1639567429,True,mC0KgvZRbs6SlBKBvB5Qcu!Tow90fo8!egTEBQXQpxETiyRJwE7ZnDTCsCJCoCZ6CQ6OQ494fe0zksz0unOADLSJe0,7501ffc5-5d98-11ec-92a5-09ff3c010001,rnbqkbnr/pppppppp/8/8/8/8/PPPPPPPP/RNBQKBNR w KQkq - 0 1,r5k1/p1p1Rppp/8/3b1P2/P1q3P1/2P4P/1P3B2/R2Q2K1 b - -,rapid,chess,"{'rating': 960, 'result': 'win', '@id': 'https://api.chess.com/pub/player/tranfi20', 'username': 'tranfi20', 'uuid': 'b470a9e8-ee8c-11e9-99b0-d51333d5ffb4'}","{'rating': 950, 'result': 'resigned', '@id': 'https://api.chess.com/pub/player/gautamdevchakravarty', 'username': 'gautamdevchakravarty', 'uuid': 'dcbe39ec-a969-11e8-805c-000000000000'}",white,black,960,950,white
https://www.chess.com/game/live/33306253191,600,1639567466,True,lBYQcDZJmu!Tgv7YDY,7bf42578-5d99-11ec-92a5-09ff3c010001,rnbqkbnr/pppppppp/8/8/8/8/PPPPPPPP/RNBQKBNR w KQkq - 0 1,rnb1kb1r/ppB1pppp/2p2n2/3p4/3P4/4PN2/PPP2PPP/RN1QKB1R b KQkq -,rapid,chess,"{'rating': 933, 'result': 'win', '@id': 'https://api.chess.com/pub/player/maxi2021suntzu', 'username': 'maxi2021suntzu', 'uuid': 'bf67b64a-6ed6-11eb-bdff-290c7dd43794'}","{'rating': 951, 'result': 'resigned', '@id': 'https://api.chess.com/pub/player/tranfi20', 'username': 'tranfi20', 'uuid': 'b470a9e8-ee8c-11e9-99b0-d51333d5ffb4'}",black,white,951,933,white
https://www.chess.com/game/live/33306260155,600,1639567941,True,mCYQgvZJCJQJlB5QfHWOHyXHyr!TcM7RMTRTrJ6Xbs0SsCTLdlLJecJCvMCohe9zeS1Sluz0MS0MSD81uS19SL9!LS!9SL98deQ0e080LK0ZKLZYLKYPKSPWcbof,914c0377-5d99-11ec-92a5-09ff3c010001,rnbqkbnr/pppppppp/8/8/8/8/PPPPPPPP/RNBQKBNR w KQkq - 0 1,r6r/kb4pp/p3Q3/1p4b1/3P1N2/8/PPP2P1P/1K3q2 w - -,rapid,chess,"{'rating': 970, 'result': 'resigned', '@id': 'https://api.chess.com/pub/player/lomilo14', 'username': 'lomilo14', 'uuid': '0015fc54-535e-11eb-8aa4-5ff164923d8a'}","{'rating': 960, 'result': 'win', '@id': 'https://api.chess.com/pub/player/tranfi20', 'username': 'tranfi20', 'uuid': 'b470a9e8-ee8c-11e9-99b0-d51333d5ffb4'}",black,white,960,970,black
https://www.chess.com/game/live/33306837373,600,1639568721,True,mCYQlBZJCJQJbs!Tgv5QftXPeg6Xpx0SsH90cD8!HY0RDR7RY4X4ks3NjrPHiyHzsAWGAIRDowDVtH2MvKQKBKTCIQCsdBsbabVTQY4XBPTvPXNFY~Fwnwvwghwxhgxwghwxhgxwghwx,ad61150b-5d9a-11ec-92a5-09ff3c010001,rnbqkbnr/pppppppp/8/8/8/8/PPPPPPPP/RNBQKBNR w KQkq - 0 1,2Q2rk1/1Q3p2/4p3/pB1pP1p1/Pp6/1P5q/8/1R3R1K w - -,rapid,chess,"{'rating': 989, 'result': 'repetition', '@id': 'https://api.chess.com/pub/player/brussotto', 'username': 'Brussotto', 'uuid': 'a76ec380-5991-11eb-a90a-b9fb9ea97729'}","{'rating': 961, 'result': 'repetition', '@id': 'https://api.chess.com/pub/player/tranfi20', 'username': 'tranfi20', 'uuid': 'b470a9e8-ee8c-11e9-99b0-d51333d5ffb4'}",black,white,961,989,none
https://www.chess.com/game/live/33307961685,600,1639569201,True,mC0KgvZRbsYQlB5ZBJ!0jrWOcjQIfAZPdt6EpxEvtvPArAXHAHOHsH45vt7Ziy2Uec9Vcb8!HsZXtHXHyHIAjqVMqR56RK64HP4OPXOPbiPXJR0QdJ94sy4y,942fe1b0-5d9c-11ec-92a5-09ff3c010001,rnbqkbnr/pppppppp/8/8/8/8/PPPPPPPP/RNBQKBNR w KQkq - 0 1,6k1/1r3p1p/2nP2p1/3RB1b1/r1p1P3/7P/K1P2PP1/7R w - -,rapid,chess,"{'rating': 953, 'result': 'checkmated', '@id': 'https://api.chess.com/pub/player/tranfi20', 'username': 'tranfi20', 'uuid': 'b470a9e8-ee8c-11e9-99b0-d51333d5ffb4'}","{'rating': 965, 'result': 'win', '@id': 'https://api.chess.com/pub/player/arthur_dk', 'username': 'Arthur_DK', 'uuid': 'a8129102-41ce-11eb-9148-25aa66ad48d1'}",white,black,953,965,black
https://www.chess.com/game/live/33308052819,600,1639569783,True,mC0Kgv70fA3VegWOlBXHAr5QBJQWkAHArA0zvK1TKU?3jr6Xdv9RvN86iqzPcuYIbs78syPYrzRpNp8CJRYQyjTLuI!TnvC8IW,9c2d8400-5d9d-11ec-92a5-09ff3c010001,rnbqkbnr/pppppppp/8/8/8/8/PPPPPPPP/RNBQKBNR w KQkq - 0 1,2k1r3/Bb1p2pr/p1qP1nNp/5p2/1PB5/P4P2/1N4PQ/R4RK1 b - -,rapid,chess,"{'rating': 960, 'result': 'win', '@id': 'https://api.chess.com/pub/player/tranfi20', 'username': 'tranfi20', 'uuid': 'b470a9e8-ee8c-11e9-99b0-d51333d5ffb4'}","{'rating': 901, 'result': 'abandoned', '@id': 'https://api.chess.com/pub/player/murataktas916', 'username': 'murataktas916', 'uuid': '9442ad12-37d6-11eb-8a16-0b3779b2e3ae'}",white,black,960,901,white
https://www.chess.com/game/live/33322978695,600,1639585057,True,mCZJbsJBsm0Klt5Qgv9Rjr!Tcj8!ow6EfoEvovWGiyXPegQzvoTEnDEudlufof7Tfo47afT0ghzQkA3VpF1TFN01ovKDmDRDlD98wEQzfdYIvmzkdlkuhg!3EMVMDvMEvD1Nmf2MDwTLlpNpwp3UjcLDcuDufm8?pw79mEUTwRT2RP21PI?FIM9?ML12LZ29ZR92RK2UKLU2LK21KBFhgo?powumEmpmBJ12JM21ML12LM29ML90wDhfDKfLKLmnLKnpKBpFBsFxsBxpBspisBijBsjlsBlnBsnosBop,a5a76405-5dbf-11ec-92a5-09ff3c010001,rnbqkbnr/pppppppp/8/8/8/8/PPPPPPPP/RNBQKBNR w KQkq - 0 1,8/4k3/8/p7/P1PKP3/1P1P4/7r/8 w - -,rapid,chess,"{'rating': 952, 'result': 'timeout', '@id': 'https://api.chess.com/pub/player/tranfi20', 'username': 'tranfi20', 'uuid': 'b470a9e8-ee8c-11e9-99b0-d51333d5ffb4'}","{'rating': 952, 'result': 'win', '@id': 'https://api.chess.com/pub/player/unnick93', 'username': 'unnick93', 'uuid': '3a24200e-9276-11eb-ae86-3b97b5bb9828'}",white,black,952,952,black
https://www.chess.com/game/live/33372798945,600,1639634135,True,mC0KgvZRlB1Tbs6EBJ3NpxEvdvNFftWOeg2Mcu7ZiyMExE9VjzVunuOGzHXPsm!VvT?3EMVET9,11714992-5e34-11ec-92a5-09ff3c010001,rnbqkbnr/pppppppp/8/8/8/8/PPPPPPPP/RNBQKBNR w KQkq - 0 1,rn2kQ2/2pq3r/1p1p4/pP1Pp1P1/P3P1np/3BP3/2P1N1P1/R4RK1 b q -,rapid,chess,"{'rating': 961, 'result': 'win', '@id': 'https://api.chess.com/pub/player/tranfi20', 'username': 'tranfi20', 'uuid': 'b470a9e8-ee8c-11e9-99b0-d51333d5ffb4'}","{'rating': 969, 'result': 'checkmated', '@id': 'https://api.chess.com/pub/player/vatirrin', 'username': 'Vatirrin', 'uuid': '19094f3a-ebdb-11ea-9581-afa60536d3f6'}",white,black,961,969,white
https://www.chess.com/game/live/33373404479,600,1639635607,True,mC0KlB5QksZRBKQKcD!TDKRKd787gv9IvK70nvXPfH6XHQXQKQ0RCKRQKT2Tjz?8elIulkQHheHAbqAJsAJBadBKowKLwELDefYIqH80zIPIHsuBsJDMJ0470Q7RdBIBktRQvDMEtBQOfn3NAINFBJOGJRFxIQELRZGJZ0LUQYJI0ZIJZQJlQXlnY~npXWpiWXxp6EU3Ex3UXYikYZklZ8lm89TLxwUTw2TS21SR,8f8d91c0-5e35-11ec-92a5-09ff3c010001,rnbqkbnr/pppppppp/8/8/8/8/PPPPPPPP/RNBQKBNR w KQkq - 0 1,5K2/5Q2/3k4/5p2/5P2/8/4r2p/8 w - -,rapid,chess,"{'rating': 982, 'result': 'timeout', '@id': 'https://api.chess.com/pub/player/petrus007', 'username': 'petrus007', 'uuid': '7e12efc4-98dd-11e3-8056-000000000000'}","{'rating': 970, 'result': 'win', '@id': 'https://api.chess.com/pub/player/tranfi20', 'username': 'tranfi20', 'uuid': 'b470a9e8-ee8c-11e9-99b0-d51333d5ffb4'}",black,white,970,982,black
https://www.chess.com/game/live/33375241545,600,1639636871,True,gvYIlBIBdB5QBsZJiq!Tow0Smu90fH8!HQXQsQ6ZQO76vB6ObsTCjzCs,56dad9f5-5e3a-11ec-92a5-09ff3c010001,rnbqkbnr/pppppppp/8/8/8/8/PPPPPPPP/RNBQKBNR w KQkq - 0 1,r4rk1/p2bbppp/q3p3/3p4/1P1N4/P1n1P1P1/2P2P1P/R1B1K2R w KQ -,rapid,chess,"{'rating': 976, 'result': 'resigned', '@id': 'https://api.chess.com/pub/player/ios85', 'username': 'ios85', 'uuid': '0fcc243e-5039-11eb-80a0-ffe06e8574bf'}","{'rating': 978, 'result': 'win', '@id': 'https://api.chess.com/pub/player/tranfi20', 'username': 'tranfi20', 'uuid': 'b470a9e8-ee8c-11e9-99b0-d51333d5ffb4'}",black,white,978,976,black
https://www.chess.com/game/live/33375818999,600,1639637030,True,mC0KgvZRfA5QbsQBeg6EvKEdA180sJ,5ecb0f32-5e3b-11ec-92a5-09ff3c010001,rnbqkbnr/pppppppp/8/8/8/8/PPPPPPPP/RNBQKBNR w KQkq - 0 1,r2q1bnr/ppp1kBpp/3p4/3NN3/3nP3/8/PPPP1PPP/R1Bb1RK1 b - -,rapid,chess,"{'rating': 986, 'result': 'win', '@id': 'https://api.chess.com/pub/player/tranfi20', 'username': 'tranfi20', 'uuid': 'b470a9e8-ee8c-11e9-99b0-d51333d5ffb4'}","{'rating': 967, 'result': 'checkmated', '@id': 'https://api.chess.com/pub/player/pablocarna', 'username': 'pablocarna', 'uuid': 'ce08106a-3749-11eb-a40f-7f5b9e3034cf'}",white,black,986,967,white
https://www.chess.com/game/live/33375829927,600,1639637639,True,mC0KdN5QfA2UNv!Tgm9IAJQBmBKBCKTJvJ8!ltXPcV98J48KedWGVDKLow7M46!2DMLM6YMLhfZRblGyiqPHpx3NjzyrlrHzqyUMyGMExENEGO2UrIRIOWUMW~IA4CAtktzrab1TY2MNCL,8b92ae16-5e3b-11ec-92a5-09ff3c010001,rnbqkbnr/pppppppp/8/8/8/8/PPPPPPPP/RNBQKBNR w KQkq - 0 1,8/6Q1/5p2/5Q1k/3p2p1/1p1P2P1/5P2/1R1K1R2 b - -,rapid,chess,"{'rating': 975, 'result': 'win', '@id': 'https://api.chess.com/pub/player/pablocarna', 'username': 'pablocarna', 'uuid': 'ce08106a-3749-11eb-a40f-7f5b9e3034cf'}","{'rating': 978, 'result': 'checkmated', '@id': 'https://api.chess.com/pub/player/tranfi20', 'username': 'tranfi20', 'uuid': 'b470a9e8-ee8c-11e9-99b0-d51333d5ffb4'}",black,white,978,975,white
https://www.chess.com/game/live/33376432149,600,1639638779,True,mC0Kgv5QbsQBfABvdv1TsJZRvN2UNv6SltSJAJYQJS7GksWOjzGySryHcuHtuM90vtTMeg47sA!TnvMEAIRItA7BA18Zad?9dBIB1SZ8S607rSBtfdEvdt806X0SXQS1tv3NQOUMvLMEOA1ULK7PgfTCfePnemCMAQU2K0910121mnMSzHSBQJBSHPNFPXEwpwFwnw,f586bf97-5e3c-11ec-92a5-09ff3c010001,rnbqkbnr/pppppppp/8/8/8/8/PPPPPPPP/RNBQKBNR w KQkq - 0 1,8/1P3k2/4n3/3Q4/8/6K1/P5P1/8 b - -,rapid,chess,"{'rating': 986, 'result': 'win', '@id': 'https://api.chess.com/pub/player/tranfi20', 'username': 'tranfi20', 'uuid': 'b470a9e8-ee8c-11e9-99b0-d51333d5ffb4'}","{'rating': 967, 'result': 'timeout', '@id': 'https://api.chess.com/pub/player/pablocarna', 'username': 'pablocarna', 'uuid': 'ce08106a-3749-11eb-a40f-7f5b9e3034cf'}",white,black,986,967,white
https://www.chess.com/game/live/33378231661,600,1639640595,True,mC0Kgv5Qbs!TfA9Ilt8!cuZRuIRIdmQBvBIBsyWOpFXHAHOHyI3VFN4GhgHzIrGOoE6SEMVMmlTNgM2UMKSrkrOSKJ7JecJIcb94dcIWlzWibkSQkdQcdciack46zBYIBZ69ZJaGCKNDJA98ADGYtBIBkt1TDT8KTUY2URKHRS!3SA2UtlHXleUCefX1A13V1TVNT?NM?7MD7FDvFhvDhCDCrzBtfeCvelvCzHCJnDJIDLIHLTHQT1QZ1~ZSjz,1c8f6f4e-5e41-11ec-92a5-09ff3c010001,rnbqkbnr/pppppppp/8/8/8/8/PPPPPPPP/RNBQKBNR w KQkq - 0 1,5Q2/8/4k3/8/1P6/3p4/3K4/8 b - b3,rapid,chess,"{'rating': 999, 'result': 'win', '@id': 'https://api.chess.com/pub/player/castroletti', 'username': 'Castroletti', 'uuid': 'c2fd4f34-70db-11eb-b122-e51005d34e44'}","{'rating': 978, 'result': 'resigned', '@id': 'https://api.chess.com/pub/player/tranfi20', 'username': 'tranfi20', 'uuid': 'b470a9e8-ee8c-11e9-99b0-d51333d5ffb4'}",black,white,978,999,white
https://www.chess.com/game/live/33459584839,600,1639721551,True,lBZJkA!Tbs5QgvXPmu6XAJTJsJ7Jft0KuCJRBJQBvBKBeg2UtA1Lfe86CKRIjrXJAJ7JcD92KS?8acIzcY67Y2802!08S07Z!8Z8eKJKDKBtdtzetfeKpxK0iy0qfe8ZedZQdkQJkAJKAsKDsvDMvuMTusTMslLDlJMVJvUMvQV2QY2UYWqrWOUNOmNUmCUTCBTUyGPGBCU2CK2UKGrdgpUNoEDwnwdmpgmugpunphnwGL3VLfNFfAFxAfxFfAMEAfwvhgFwfewxeSvo,46966ca0-5efe-11ec-93ae-09ff3c010001,rnbqkbnr/pppppppp/8/8/8/8/PPPPPPPP/RNBQKBNR w KQkq - 0 1,8/8/4Q2p/8/6p1/7k/6q1/6K1 w - -,rapid,chess,"{'rating': 940, 'result': 'checkmated', '@id': 'https://api.chess.com/pub/player/jebish7', 'username': 'jebish7', 'uuid': '6e8d5abe-eb8a-11eb-aac5-13b73152f30e'}","{'rating': 985, 'result': 'win', '@id': 'https://api.chess.com/pub/player/tranfi20', 'username': 'tranfi20', 'uuid': 'b470a9e8-ee8c-11e9-99b0-d51333d5ffb4'}",black,white,985,940,black
https://www.chess.com/game/live/33461357337,600,1639722591,True,mC0Kgv5QjrWOcj!TbsZJlt9zfmJBegBsjc8!px3ViyOGcqzqaq6SoE98vp7RdaQBas,fe364c63-5f01-11ec-93ae-09ff3c010001,rnbqkbnr/pppppppp/8/8/8/8/PPPPPPPP/RNBQKBNR w KQkq - 0 1,r3r1k1/1pp2pp1/3qbn1p/p3p3/P2nP1P1/RPQP3P/2P1BP1N/5RK1 b - -,rapid,chess,"{'rating': 976, 'result': 'resigned', '@id': 'https://api.chess.com/pub/player/tranfi20', 'username': 'tranfi20', 'uuid': 'b470a9e8-ee8c-11e9-99b0-d51333d5ffb4'}","{'rating': 957, 'result': 'win', '@id': 'https://api.chess.com/pub/player/vinsbaudet', 'username': 'vinsbaudet', 'uuid': '617eb718-41d6-11eb-b3fd-7f9e17a8145a'}",white,black,976,957,black
https://www.chess.com/game/live/33461402559,600,1639722822,True,mC0Kgv5QfHWOHQZQvK!Teg9IKvTCfe6Llt8!tCLEd747vK1LCL9LKELDpxDExEIngn79nw,be880042-5f02-11ec-93ae-09ff3c010001,rnbqkbnr/pppppppp/8/8/8/8/PPPPPPPP/RNBQKBNR w KQkq - 0 1,5rk1/1pp3pp/p1p5/8/6P1/6K1/PPP3P1/RNB1R3 b - -,rapid,chess,"{'rating': 943, 'result': 'win', '@id': 'https://api.chess.com/pub/player/shuh06', 'username': 'Shuh06', 'uuid': '07d033d8-146f-11ec-bd69-e50f36618167'}","{'rating': 967, 'result': 'resigned', '@id': 'https://api.chess.com/pub/player/tranfi20', 'username': 'tranfi20', 'uuid': 'b470a9e8-ee8c-11e9-99b0-d51333d5ffb4'}",black,white,967,943,white
https://www.chess.com/game/live/33546583611,600,1639808318,True,gvZJbs!TlB5QcMXPMT0Tmu6XfH90dt8!egQztlWOHt2Uiqztlt0RfeTLuCLCsCJCeCXCtC70CQ98px3Nae09BJ8eve48et90QsOGjzGyow!9go0CogCJtDRDwDJdgodJowUMs?90?NMDwE8!EFJN,d672faec-5fc8-11ec-93ae-09ff3c010001,rnbqkbnr/pppppppp/8/8/8/8/PPPPPPPP/RNBQKBNR w KQkq - 0 1,6r1/2p1kp2/1p6/7q/pP3p1K/P6P/2P2P2/8 w - -,rapid,chess,"{'rating': 975, 'result': 'resigned', '@id': 'https://api.chess.com/pub/player/kramydrah3338', 'username': 'Kramydrah3338', 'uuid': '8b96f1d8-680e-11eb-91aa-11041be21296'}","{'rating': 975, 'result': 'win', '@id': 'https://api.chess.com/pub/player/tranfi20', 'username': 'tranfi20', 'uuid': 'b470a9e8-ee8c-11e9-99b0-d51333d5ffb4'}",black,white,975,975,black
https://www.chess.com/game/live/33573010669,60,1639834197,True,mC0Kgv5Qbs!TfA3VegZRjr6Ecj7ZpxExoxZxvpTNAmNDmv86ltVNsJDSjsQBsBSBacBvdvxvpv2UvM1TM1901767nvYQJ070ceUMkANF,4a1f2d0e-6006-11ec-93ae-09ff3c010001,rnbqkbnr/pppppppp/8/8/8/8/PPPPPPPP/RNBQKBNR w KQkq - 0 1,7r/pp2k3/2pp1p2/4p1p1/2P1P2p/1P1P1P2/P7/4RRK1 w - -,bullet,chess,"{'rating': 633, 'result': 'timeout', '@id': 'https://api.chess.com/pub/player/tranfi20', 'username': 'tranfi20', 'uuid': 'b470a9e8-ee8c-11e9-99b0-d51333d5ffb4'}","{'rating': 674, 'result': 'win', '@id': 'https://api.chess.com/pub/player/muawiz8', 'username': 'muawiz8', 'uuid': '78961c4c-a7d1-11ea-8f8e-e7c2b65a5ec9'}",white,black,633,674,black
https://www.chess.com/game/live/33581955267,60,1639842942,True,mC0SgvZJCKYIlBIBdB5QBd!0bs0UftUKvKQKegKtdt7RtHRZcMWOHZ6ZMu9Rad8!iyXHyHOHjzRzsm4idbzRfeikmBkApx3VoE96edSKBrAzrGzbdb65Gr54rI4quBqtbc,a2033cb4-601a-11ec-93ae-09ff3c010001,rnbqkbnr/pppppppp/8/8/8/8/PPPPPPPP/RNBQKBNR w KQkq - 0 1,6k1/3b1pp1/3b3p/1pNpp3/3B2P1/3r3P/5P2/2R3K1 b - -,bullet,chess,"{'rating': 640, 'result': 'win', '@id': 'https://api.chess.com/pub/player/tranfi20', 'username': 'tranfi20', 'uuid': 'b470a9e8-ee8c-11e9-99b0-d51333d5ffb4'}","{'rating': 585, 'result': 'timeout', '@id': 'https://api.chess.com/pub/player/thomanov', 'username': 'Thomanov', 'uuid': 'ff09dc60-61ca-11eb-8dcc-cd9594b282ba'}",white,black,640,585,white
https://www.chess.com/game/live/33582003629,60,1639843121,True,lBYIkA5QBI0Kgv9IcM1TMF2MFw!0mu0LftZJtL6LegJBuBKBfeLSdm8!mS!?eC98SL8CLC46CL78px80jzIzblzsaesle0Q0,13cb80ef-601b-11ec-93ae-09ff3c010001,rnbqkbnr/pppppppp/8/8/8/8/PPPPPPPP/RNBQKBNR w KQkq - 0 1,2r4k/pp2n2p/5p2/5Qp1/2Pp4/5NBP/P2b1PP1/6K1 w - -,bullet,chess,"{'rating': 676, 'result': 'timeout', '@id': 'https://api.chess.com/pub/player/plugus_maximus', 'username': 'plugus_maximus', 'uuid': 'f5efd5b6-bc0c-11e6-804e-000000000000'}","{'rating': 649, 'result': 'win', '@id': 'https://api.chess.com/pub/player/tranfi20', 'username': 'tranfi20', 'uuid': 'b470a9e8-ee8c-11e9-99b0-d51333d5ffb4'}",black,white,649,676,black
